Year,RWI,Jan,Feb,Mar,Apr,May,Jun,Jul,Aug,Sep,Oct,Nov,Dec,January,February,March,April,May.1,June,July,August,September,October,November,December,p.Jan,p.Feb,p.Mar,p.Apr,p.May,p.Jun,p.Jul,p.Aug,p.Sep,p.Oct,p.Nov,p.Dec,p.January,p.February,p.March,p.April,p.May.1,p.June,p.July,p.August,p.September,p.October,p.November,p.December
1913,0.833,-14.3,-8.7,-8.2,-1.4,3,6.6,11.6,10.1,5.2,-2,-4.3,-9.3,20,16,13,3,28,25,48,9,14,27,18,16,,,,,,,,,,,,,,,,,,,,,,,,
1914,1.031,-8.7,-10.4,-7.9,-1.6,1.8,6.8,11.8,9.4,5,0,-3.5,-8.5,24,10,20,15,14,58,32,23,45,5,13,7,-14.3,-8.7,-8.2,-1.4,3,6.6,11.6,10.1,5.2,-2,-4.3,-9.3,20,16,13,3,28,25,48,9,14,27,18,16
1915,1.017,-12.8,-13.1,-11,-3.3,-0.4,5,12.7,9.7,3.4,-0.2,-8,-17.2,5,12,10,25,38,4,105,6,15,4,21,10,-8.7,-10.4,-7.9,-1.6,1.8,6.8,11.8,9.4,5,0,-3.5,-8.5,24,10,20,15,14,58,32,23,45,5,13,7
1916,0.992,-9.2,-10,-13.1,-3.7,0.8,8.5,13.7,8.3,4,-4,-3.5,-10.1,21,23,3,16,20,7,48,32,25,9,18,10,-12.8,-13.1,-11,-3.3,-0.4,5,12.7,9.7,3.4,-0.2,-8,-17.2,5,12,10,25,38,4,105,6,15,4,21,10
1917,0.919,-10.4,-14,-12.4,-7.2,-0.5,8,8.3,12.4,3.9,-0.7,-6.8,-11.2,11,26,8,11,22,25,26,37,53,17,31,26,-9.2,-10,-13.1,-3.7,0.8,8.5,13.7,8.3,4,-4,-3.5,-10.1,21,23,3,16,20,7,48,32,25,9,18,10
1918,0.988,-18.4,-9.8,-5.1,-2.2,1.7,7.9,13.7,9.1,4.9,0.5,-1,-10.1,49,12,15,5,14,48,32,27,14,20,25,7,-10.4,-14,-12.4,-7.2,-0.5,8,8.3,12.4,3.9,-0.7,-6.8,-11.2,11,26,8,11,22,25,26,37,53,17,31,26
1919,1.141,-10.3,-13.7,-9.1,-5.2,4.7,10.4,11.3,8.2,4.5,-2.4,-9.8,-14.4,3,14,9,27,4,39,55,73,51,35,7,8,-18.4,-9.8,-5.1,-2.2,1.7,7.9,13.7,9.1,4.9,0.5,-1,-10.1,49,12,15,5,14,48,32,27,14,20,25,7
1920,1.207,-10.7,-6.4,-1.8,-1.1,4.4,7.7,12,9.4,7.6,1.4,-2.3,-5,20,24,12,14,17,42,63,36,42,19,23,7,-10.3,-13.7,-9.1,-5.2,4.7,10.4,11.3,8.2,4.5,-2.4,-9.8,-14.4,3,14,9,27,4,39,55,73,51,35,7,8
1921,0.764,-11.1,-9.2,-5.9,0.9,3.7,7,9.6,9.4,4.9,-1.9,-6.3,-8.8,27,24,14,17,46,71,53,111,23,42,13,11,-10.7,-6.4,-1.8,-1.1,4.4,7.7,12,9.4,7.6,1.4,-2.3,-5,20,24,12,14,17,42,63,36,42,19,23,7
1922,1.516,-12.8,-12.2,-10.6,-3.1,4,9.6,12.8,9.9,6.3,0.3,-5.1,-10.8,5,10,5,9,14,84,26,44,15,17,35,13,-11.1,-9.2,-5.9,0.9,3.7,7,9.6,9.4,4.9,-1.9,-6.3,-8.8,27,24,14,17,46,71,53,111,23,42,13,11
1923,0.988,-7.5,-12.1,-5.3,-4,2,4.2,10,8.3,5.2,-0.8,-5.8,-9.7,13,6,6,1,25,20,92,16,30,11,11,11,-12.8,-12.2,-10.6,-3.1,4,9.6,12.8,9.9,6.3,0.3,-5.1,-10.8,5,10,5,9,14,84,26,44,15,17,35,13
1924,0.96,-11.2,-15.1,-11.1,-4.1,2.2,6.2,13.5,11.9,5.9,2,-2.1,-3.9,17,11,16,6,15,34,10,24,40,13,19,25,-7.5,-12.1,-5.3,-4,2,4.2,10,8.3,5.2,-0.8,-5.8,-9.7,13,6,6,1,25,20,92,16,30,11,11,11
1925,1.274,-3.2,-8.5,-11.1,-0.8,2.5,7.8,14,10.6,6.3,-2.6,-8.4,-11.8,68,14,14,6,19,35,44,42,38,18,12,16,-11.2,-15.1,-11.1,-4.1,2.2,6.2,13.5,11.9,5.9,2,-2.1,-3.9,17,11,16,6,15,34,10,24,40,13,19,25
1926,0.965,-13,-13.2,-5.2,-3.3,1.2,8,11,10.2,4.8,-3.6,-4.7,-12.3,7,20,13,36,13,21,13,54,24,36,17,43,-3.2,-8.5,-11.1,-0.8,2.5,7.8,14,10.6,6.3,-2.6,-8.4,-11.8,68,14,14,6,19,35,44,42,38,18,12,16
1927,1.325,-13.7,-8.1,-8.3,-4.5,1,7.4,15,10.9,4.6,-2.3,-8.6,-7.8,20,32,12,4,7,41,29,30,17,29,3,12,-13,-13.2,-5.2,-3.3,1.2,8,11,10.2,4.8,-3.6,-4.7,-12.3,7,20,13,36,13,21,13,54,24,36,17,43
1928,0.597,-9.7,-6.7,-4.6,-1.8,2.2,7.4,8.8,10.7,4.9,-1.7,-6.7,-10.4,3,3,9,3,15,70,59,31,25,40,7,4,-13.7,-8.1,-8.3,-4.5,1,7.4,15,10.9,4.6,-2.3,-8.6,-7.8,20,32,12,4,7,41,29,30,17,29,3,12
1929,0.504,-10.8,-13.6,-4.8,-7.4,3.2,7.2,8.2,8.4,6,-0.7,-3.3,-4,20,23,28,20,10,40,9,47,23,24,11,18,-9.7,-6.7,-4.6,-1.8,2.2,7.4,8.8,10.7,4.9,-1.7,-6.7,-10.4,3,3,9,3,15,70,59,31,25,40,7,4
1930,0.823,-7.6,-5.6,-9.6,-1.7,4.5,9.9,14.4,12.5,4.1,0,-4.7,-7.4,7,24,45,3,10,14,49,45,25,21,9,23,-10.8,-13.6,-4.8,-7.4,3.2,7.2,8.2,8.4,6,-0.7,-3.3,-4,20,23,28,20,10,40,9,47,23,24,11,18
1931,0.847,-12.1,-12.5,-7.5,-3.3,3.4,5.6,12.9,8.7,3.3,-1,-4,-4.5,7,6,22,6,39,51,41,61,21,50,11,11,-7.6,-5.6,-9.6,-1.7,4.5,9.9,14.4,12.5,4.1,0,-4.7,-7.4,7,24,45,3,10,14,49,45,25,21,9,23
1932,0.973,-6.1,-5.8,-5.9,-2.9,0.9,6.8,11.7,9,3.8,-3.2,-4.6,-2.6,80,40,11,8,34,15,65,40,74,5,34,21,-12.1,-12.5,-7.5,-3.3,3.4,5.6,12.9,8.7,3.3,-1,-4,-4.5,7,6,22,6,39,51,41,61,21,50,11,11
1933,0.904,-6.8,-13.7,-8.5,-4.7,1.6,10.5,11.9,10.5,5.8,-0.2,-3.6,-5.2,12,12,30,17,1,5,76,23,23,6,12,80,-6.1,-5.8,-5.9,-2.9,0.9,6.8,11.7,9,3.8,-3.2,-4.6,-2.6,80,40,11,8,34,15,65,40,74,5,34,21
1934,0.963,-4.4,-8,-7.9,-3.6,4,7.2,14.7,12.8,9.1,0.4,-3.4,-9.1,33,47,5,7,18,22,66,28,44,7,33,9,-6.8,-13.7,-8.5,-4.7,1.6,10.5,11.9,10.5,5.8,-0.2,-3.6,-5.2,12,12,30,17,1,5,76,23,23,6,12,80
1935,0.68,-8.7,-8.9,-5.4,-2.6,0.3,6.6,10.6,9.9,3.8,-0.3,-4.6,-6.5,73,18,7,26,8,33,62,7,15,28,10,23,-4.4,-8,-7.9,-3.6,4,7.2,14.7,12.8,9.1,0.4,-3.4,-9.1,33,47,5,7,18,22,66,28,44,7,33,9
1936,0.898,-13.9,-16.4,-9.4,-3.6,4.7,10.3,12.4,10.7,5.6,-0.7,-1.7,-3.3,29,13,30,2,4,11,65,34,24,15,19,43,-8.7,-8.9,-5.4,-2.6,0.3,6.6,10.6,9.9,3.8,-0.3,-4.6,-6.5,73,18,7,26,8,33,62,7,15,28,10,23
1937,1.239,-8,-12.4,-9.4,-0.2,5.1,9.8,13,13.3,5.9,2.3,-4.3,-11.4,6,20,24,2,23,42,21,40,21,19,26,12,-13.9,-16.4,-9.4,-3.6,4.7,10.3,12.4,10.7,5.6,-0.7,-1.7,-3.3,29,13,30,2,4,11,65,34,24,15,19,43
1938,0.949,-9.5,-3.2,-5.9,-2.1,2.4,8.6,14.6,10.6,6.8,2.8,-2,-6.8,18,30,16,17,11,69,39,68,12,19,20,7,-8,-12.4,-9.4,-0.2,5.1,9.8,13,13.3,5.9,2.3,-4.3,-11.4,6,20,24,2,23,42,21,40,21,19,26,12
1939,1.191,-12.2,-6.7,-7.8,-5.5,0.4,7.6,12.5,11.2,4.3,0.2,-3.1,-10,8,34,3,18,18,27,30,29,64,7,16,53,-9.5,-3.2,-5.9,-2.1,2.4,8.6,14.6,10.6,6.8,2.8,-2,-6.8,18,30,16,17,11,69,39,68,12,19,20,7
1940,1.09,-12.5,-11.7,-12.8,-3.8,6.4,9.5,9.9,9.4,6.1,1.5,-6.3,-8.5,17,14,12,20,21,8,51,89,33,9,8,24,-12.2,-6.7,-7.8,-5.5,0.4,7.6,12.5,11.2,4.3,0.2,-3.1,-10,8,34,3,18,18,27,30,29,64,7,16,53
1941,1.193,-11.3,-13.5,-9.7,-5,1.8,6.9,14.5,9.4,4.5,-1.4,-5.3,-10.8,31,8,10,3,2,5,41,49,74,16,6,24,-12.5,-11.7,-12.8,-3.8,6.4,9.5,9.9,9.4,6.1,1.5,-6.3,-8.5,17,14,12,20,21,8,51,89,33,9,8,24
1942,0.889,-15,-14.2,-11.4,-2.8,1.3,8.3,10.9,9.3,4.5,-3.2,-4.6,-11,10,8,35,8,29,45,66,50,24,26,36,12,-11.3,-13.5,-9.7,-5,1.8,6.9,14.5,9.4,4.5,-1.4,-5.3,-10.8,31,8,10,3,2,5,41,49,74,16,6,24
1943,0.993,-15.2,-6,-3.3,-2.7,2.8,9,11.6,8.9,6.1,0,-3.2,-4.2,4,41,19,17,10,50,59,48,3,27,3,27,-15,-14.2,-11.4,-2.8,1.3,8.3,10.9,9.3,4.5,-3.2,-4.6,-11,10,8,35,8,29,45,66,50,24,26,36,12
1944,0.897,-8.2,-7.3,-6.7,-4.4,1.4,8,11.1,9.5,5.9,2.4,-4.3,-5.2,14,11,12,3,8,7,35,56,18,12,16,32,-15.2,-6,-3.3,-2.7,2.8,9,11.6,8.9,6.1,0,-3.2,-4.2,4,41,19,17,10,50,59,48,3,27,3,27
1945,1.036,-13,-9.1,-7.1,-0.8,2.8,7.8,13.2,11.1,4.8,-1.7,-2.2,-9.5,14,20,47,18,7,25,30,83,12,22,44,19,-8.2,-7.3,-6.7,-4.4,1.4,8,11.1,9.5,5.9,2.4,-4.3,-5.2,14,11,12,3,8,7,35,56,18,12,16,32
1946,1.044,-5.5,-17.3,-9.8,-2.2,2.7,8.8,12.3,11.1,7.3,0.5,-5.2,-3.4,24,37,10,12,4,81,50,21,51,40,16,4,-13,-9.1,-7.1,-0.8,2.8,7.8,13.2,11.1,4.8,-1.7,-2.2,-9.5,14,20,47,18,7,25,30,83,12,22,44,19
1947,1.066,-8.5,-14.7,-10.7,-2.6,3.1,10.1,13.3,10.3,6.7,0.1,-8.6,-9.7,14,7,8,10,8,64,41,15,49,16,19,19,-5.5,-17.3,-9.8,-2.2,2.7,8.8,12.3,11.1,7.3,0.5,-5.2,-3.4,24,37,10,12,4,81,50,21,51,40,16,4
1948,0.959,-16.3,-7.6,-4.7,0.1,3.5,7.9,13.6,7.9,6,-0.4,-2,-3.1,14,15,43,5,19,32,52,47,23,14,20,49,-8.5,-14.7,-10.7,-2.6,3.1,10.1,13.3,10.3,6.7,0.1,-8.6,-9.7,14,7,8,10,8,64,41,15,49,16,19,19
1949,0.768,-6.6,-6.8,-7.5,-1.3,3.5,8.4,9.3,8.9,7.8,0.2,-2.8,-8.1,47,21,13,16,21,23,26,30,22,22,3,15,-16.3,-7.6,-4.7,0.1,3.5,7.9,13.6,7.9,6,-0.4,-2,-3.1,14,15,43,5,19,32,52,47,23,14,20,49
1950,0.882,-13,-12.3,-5.8,0.5,3.3,10.1,13,14.1,7.6,1.6,-6,-9.5,3,7,4,30,5,32,22,29,31,13,3,20,-6.6,-6.8,-7.5,-1.3,3.5,8.4,9.3,8.9,7.8,0.2,-2.8,-8.1,47,21,13,16,21,23,26,30,22,22,3,15
1951,0.931,-14.6,-12.7,-8.4,-1.5,0.8,5.2,9.5,12.6,6.4,4.8,-7.8,-6.7,9,3,13,12,2,13,102,26,35,12,17,20,-13,-12.3,-5.8,0.5,3.3,10.1,13,14.1,7.6,1.6,-6,-9.5,3,7,4,30,5,32,22,29,31,13,3,20
1952,0.842,-10.3,-11.7,-10.1,-1.7,2.6,9.4,10.7,7.7,4.4,-2.9,-7.9,-13.3,12,16,7,9,26,117,38,46,33,1,34,28,-14.6,-12.7,-8.4,-1.5,0.8,5.2,9.5,12.6,6.4,4.8,-7.8,-6.7,9,3,13,12,2,13,102,26,35,12,17,20
1953,1.473,-9,-14.1,-4.5,-1.5,2.5,13.1,12.3,11.2,4.6,2.4,-2.4,-4,36,26,63,30,11,18,42,27,24,20,11,14,-10.3,-11.7,-10.1,-1.7,2.6,9.4,10.7,7.7,4.4,-2.9,-7.9,-13.3,12,16,7,9,26,117,38,46,33,1,34,28
1954,1.13,-7.7,-13,-6.6,-2.9,4.9,7.3,13.8,10.1,5.9,-0.8,-6.9,-5.8,31,9,27,18,12,30,72,76,29,36,9,19,-9,-14.1,-4.5,-1.5,2.5,13.1,12.3,11.2,4.6,2.4,-2.4,-4,36,26,63,30,11,18,42,27,24,20,11,14
1955,1.06,-11,-15.2,-10.4,-4.9,0.4,5.5,10.4,9.9,6.1,-1.3,-6.9,-18.4,7,20,29,16,40,12,8,24,60,12,25,37,-7.7,-13,-6.6,-2.9,4.9,7.3,13.8,10.1,5.9,-0.8,-6.9,-5.8,31,9,27,18,12,30,72,76,29,36,9,19
1956,0.908,-14.8,-13.9,-5.7,-5.8,3,7.9,12.3,8.8,4.4,-1.1,-8.5,-11.4,29,17,12,2,8,41,28,38,18,17,10,4,-11,-15.2,-10.4,-4.9,0.4,5.5,10.4,9.9,6.1,-1.3,-6.9,-18.4,7,20,29,16,40,12,8,24,60,12,25,37
1957,0.948,-8.6,-13.8,-8.3,-1,1.6,6.2,13.2,9.1,5.1,0,-2,-8.2,34,11,7,1,17,7,39,94,13,19,14,37,-14.8,-13.9,-5.7,-5.8,3,7.9,12.3,8.8,4.4,-1.1,-8.5,-11.4,29,17,12,2,8,41,28,38,18,17,10,4
1958,0.883,-15.2,-11.8,-10.3,-3.3,1.5,7.8,9.9,11.5,6,1.4,-1.3,-11.7,27,27,10,5,7,16,48,55,57,31,69,8,-8.6,-13.8,-8.3,-1,1.6,6.2,13.2,9.1,5.1,0,-2,-8.2,34,11,7,1,17,7,39,94,13,19,14,37
1959,0.524,-11.6,-1.2,-1.8,-3.3,2.8,8.2,10.6,10.2,4.9,0.9,-4.4,-8.5,30,22,9,16,11,8,52,11,18,39,6,4,-15.2,-11.8,-10.3,-3.3,1.5,7.8,9.9,11.5,6,1.4,-1.3,-11.7,27,27,10,5,7,16,48,55,57,31,69,8
1960,1.097,-10.9,-14.2,-4.8,-0.2,5,8.7,14.4,11.5,6.5,-2,-7.7,-9.4,9,19,12,10,10,33,44,72,25,5,5,15,-11.6,-1.2,-1.8,-3.3,2.8,8.2,10.6,10.2,4.9,0.9,-4.4,-8.5,30,22,9,16,11,8,52,11,18,39,6,4
1961,1.45,-11.5,-7.6,-5.4,-5.6,2.3,9,12.5,10.4,6.3,3.2,-3.5,-12.4,14,40,20,5,15,74,66,35,17,13,39,12,-10.9,-14.2,-4.8,-0.2,5,8.7,14.4,11.5,6.5,-2,-7.7,-9.4,9,19,12,10,10,33,44,72,25,5,5,15
1962,0.973,-10.9,-9.1,-14,-1.2,2.4,6.9,9.6,9,5.3,1.6,-3.8,-11.8,13,13,4,18,16,18,11,21,39,62,19,42,-11.5,-7.6,-5.4,-5.6,2.3,9,12.5,10.4,6.3,3.2,-3.5,-12.4,14,40,20,5,15,74,66,35,17,13,39,12
1963,0.926,-9.1,-12.2,-9.5,-1.5,6.9,7.2,9.2,10.8,7.5,1.4,-5.8,-6.3,18,19,9,11,9,12,76,36,34,21,16,28,-10.9,-9.1,-14,-1.2,2.4,6.9,9.6,9,5.3,1.6,-3.8,-11.8,13,13,4,18,16,18,11,21,39,62,19,42
1964,1.1,-3.4,-11.4,-7.5,-3.8,3.2,6.7,10.7,9.1,3.8,3.4,-5.4,-6.7,73,12,7,12,13,2,23,67,19,19,44,11,-9.1,-12.2,-9.5,-1.5,6.9,7.2,9.2,10.8,7.5,1.4,-5.8,-6.3,18,19,9,11,9,12,76,36,34,21,16,28
1965,0.581,-12.3,-7.4,-9,-2.3,-0.3,7.5,8.6,9.2,6.5,1,-7.3,-13.6,21,26,59,28,12,12,25,36,10,28,1,49,-3.4,-11.4,-7.5,-3.8,3.2,6.7,10.7,9.1,3.8,3.4,-5.4,-6.7,73,12,7,12,13,2,23,67,19,19,44,11
1966,1.319,-15.8,-19,-12.6,-6.1,1.6,9.8,11.4,8.8,2.4,-2,-2.7,-9.5,22,10,37,8,18,18,66,14,21,32,9,1,-12.3,-7.4,-9,-2.3,-0.3,7.5,8.6,9.2,6.5,1,-7.3,-13.6,21,26,59,28,12,12,25,36,10,28,1,49
1967,0.673,-13.7,-10.7,-4,-2.5,3.2,7.3,9.5,10.6,7.5,-0.4,-0.9,-12.8,19,10,14,13,4,17,62,44,8,31,16,24,-15.8,-19,-12.6,-6.1,1.6,9.8,11.4,8.8,2.4,-2,-2.7,-9.5,22,10,37,8,18,18,66,14,21,32,9,1
1968,0.479,-17.4,-12.1,-7.4,-2.1,-0.3,7.2,9,7.9,4.6,-5.1,-2.9,-3.9,21,30,40,14,5,33,15,38,11,31,19,24,-13.7,-10.7,-4,-2.5,3.2,7.3,9.5,10.6,7.5,-0.4,-0.9,-12.8,19,10,14,13,4,17,62,44,8,31,16,24
1969,0.905,-14,-17.2,-8,-3.5,1.3,9.6,11.5,12.5,5.1,1.3,-5.9,-10.1,6,3,13,13,4,10,69,36,18,55,11,8,-17.4,-12.1,-7.4,-2.1,-0.3,7.2,9,7.9,4.6,-5.1,-2.9,-3.9,21,30,40,14,5,33,15,38,11,31,19,24
1970,1.02,-12,-15.7,-7.3,-6,3.4,10.3,12.1,10.6,5.4,1,-7,-5.2,12,13,1,6,6,33,68,33,18,17,12,23,-14,-17.2,-8,-3.5,1.3,9.6,11.5,12.5,5.1,1.3,-5.9,-10.1,6,3,13,13,4,10,69,36,18,55,11,8
1971,0.975,-9.5,-12.2,-12,-4.5,2.1,9.3,9.4,9.8,4.9,-0.2,-7.6,-5.8,36,12,7,7,1,17,47,66,15,43,20,28,-12,-15.7,-7.3,-6,3.4,10.3,12.1,10.6,5.4,1,-7,-5.2,12,13,1,6,6,33,68,33,18,17,12,23
1972,1.34,-10,-10.9,-6.6,-2.4,3,11.2,13.1,10.7,5,0.5,-5.9,-3.3,1,11,18,7,10,35,56,51,65,24,50,42,-9.5,-12.2,-12,-4.5,2.1,9.3,9.4,9.8,4.9,-0.2,-7.6,-5.8,36,12,7,7,1,17,47,66,15,43,20,28
1973,1.517,-7.6,-11,-5.2,-4,2.6,8.7,14,8.3,3.2,-2.2,-6.9,-13.6,39,12,28,15,8,20,42,44,11,24,26,32,-10,-10.9,-6.6,-2.4,3,11.2,13.1,10.7,5,0.5,-5.9,-3.3,1,11,18,7,10,35,56,51,65,24,50,42
1974,1.293,-8.5,-7.9,-5,-0.1,3.8,10,11.6,10.2,7,-1.2,-6.2,-7.2,14,19,2,14,4,20,68,36,26,5,4,9,-7.6,-11,-5.2,-4,2.6,8.7,14,8.3,3.2,-2.2,-6.9,-13.6,39,12,28,15,8,20,42,44,11,24,26,32
1975,0.713,-11,-3.2,-4.8,-2.8,3.2,5.6,8.8,8.1,5.7,1.1,-2.9,-7.6,38,38,13,5,45,15,15,31,21,59,15,69,-8.5,-7.9,-5,-0.1,3.8,10,11.6,10.2,7,-1.2,-6.2,-7.2,14,19,2,14,4,20,68,36,26,5,4,9
1976,0.68,-16.8,-7,-8.8,-2.8,4.7,7.7,10.2,9.7,3.2,-2.6,-6.2,-10.9,23,22,8,7,5,6,44,11,10,13,31,10,-11,-3.2,-4.8,-2.8,3.2,5.6,8.8,8.1,5.7,1.1,-2.9,-7.6,38,38,13,5,45,15,15,31,21,59,15,69
1977,0.919,-14.4,-12.9,-6.6,-5.8,1.7,6.3,10.7,10.2,4.3,-0.3,-3.7,-7.2,14,10,39,12,11,21,46,40,18,37,20,23,-16.8,-7,-8.8,-2.8,4.7,7.7,10.2,9.7,3.2,-2.6,-6.2,-10.9,23,22,8,7,5,6,44,11,10,13,31,10
1978,0.832,-14.9,-12.7,-9.3,-3.7,3,9.8,11.9,9.3,4.1,-0.9,-3.7,-13.9,45,18,5,14,5,10,61,76,25,32,40,10,-14.4,-12.9,-6.6,-5.8,1.7,6.3,10.7,10.2,4.3,-0.3,-3.7,-7.2,14,10,39,12,11,21,46,40,18,37,20,23
1979,1.202,-15,-11.5,-7.1,-2.7,3.1,8.9,12.6,10.4,5.2,-1.5,-4.6,-6.5,12,20,3,7,29,28,56,61,30,18,8,15,-14.9,-12.7,-9.3,-3.7,3,9.8,11.9,9.3,4.1,-0.9,-3.7,-13.9,45,18,5,14,5,10,61,76,25,32,40,10
1980,1.41,-12.2,-14.4,-8.8,0.1,3.7,10.8,13.3,11.1,6.3,-0.7,-7,-12.2,26,3,9,9,19,59,28,71,17,16,28,16,-15,-11.5,-7.1,-2.7,3.1,8.9,12.6,10.4,5.2,-1.5,-4.6,-6.5,12,20,3,7,29,28,56,61,30,18,8,15
1981,1.048,-11.9,-14.1,-12.4,-1.7,4.4,5,10.7,9.3,5,-0.3,-6,-13.4,74,8,20,14,5,32,113,65,39,19,4,25,-12.2,-14.4,-8.8,0.1,3.7,10.8,13.3,11.1,6.3,-0.7,-7,-12.2,26,3,9,9,19,59,28,71,17,16,28,16
1982,0.952,-10.7,-6.1,-6.2,-1.5,2.7,5.1,10.5,9.5,4.4,0.8,-3.7,-5.8,31,21,19,22,24,7,52,56,29,13,26,31,-11.9,-14.1,-12.4,-1.7,4.4,5,10.7,9.3,5,-0.3,-6,-13.4,74,8,20,14,5,32,113,65,39,19,4,25
1983,0.688,-9.2,-8.5,-8,-1.1,4.8,7.5,10.4,7.4,6.5,-0.3,-6.6,-10.8,13,26,15,3,10,12,119,108,28,22,64,55,-10.7,-6.1,-6.2,-1.5,2.7,5.1,10.5,9.5,4.4,0.8,-3.7,-5.8,31,21,19,22,24,7,52,56,29,13,26,31
1984,0.569,-14.2,-6.6,-8.3,-1.1,6.5,9,9.6,9.1,4.4,-0.1,-6,-5.9,17,11,5,10,17,35,86,26,20,12,6,5,-9.2,-8.5,-8,-1.1,4.8,7.5,10.4,7.4,6.5,-0.3,-6.6,-10.8,13,26,15,3,10,12,119,108,28,22,64,55
1985,0.773,-14.1,-19.4,-7.3,-4.9,2,8.7,12.6,10.5,5.3,1.6,-5.8,-13,27,12,13,5,10,22,53,38,35,85,10,10,-14.2,-6.6,-8.3,-1.1,6.5,9,9.6,9.1,4.4,-0.1,-6,-5.9,17,11,5,10,17,35,86,26,20,12,6,5
1986,1.236,-15.5,-8.7,-4.2,-3.1,5,10.2,11.6,8.5,3.3,1.9,-2.4,-14.8,8,19,19,23,29,11,35,14,24,29,19,3,-14.1,-19.4,-7.3,-4.9,2,8.7,12.6,10.5,5.3,1.6,-5.8,-13,27,12,13,5,10,22,53,38,35,85,10,10
1987,0.986,-13.8,-11.8,-10.5,-2.9,2.6,7.9,9.8,7.7,5.1,4.6,-7.1,-9.4,24,27,3,17,27,32,25,44,14,16,24,48,-15.5,-8.7,-4.2,-3.1,5,10.2,11.6,8.5,3.3,1.9,-2.4,-14.8,8,19,19,23,29,11,35,14,24,29,19,3
1988,1.211,-12.3,-13.4,-12.2,-4.5,3.4,9.2,13.5,9.9,6.5,0.9,-5.7,-8,15,8,5,23,2,12,52,42,40,20,36,37,-13.8,-11.8,-10.5,-2.9,2.6,7.9,9.8,7.7,5.1,4.6,-7.1,-9.4,24,27,3,17,27,32,25,44,14,16,24,48
1989,1.175,-5.5,-7.4,-4.3,0.3,3.8,9.3,9.2,11,6.3,-1,-2.4,-8.3,44,52,7,17,20,14,81,47,31,17,28,71,-12.3,-13.4,-12.2,-4.5,3.4,9.2,13.5,9.9,6.5,0.9,-5.7,-8,15,8,5,23,2,12,52,42,40,20,36,37
1990,1.001,-10.9,-4,-4.8,-0.1,3.2,9.8,12.2,11.5,6.1,2,-5.3,-2.6,19,34,18,6,15,32,54,51,10,22,31,17,-5.5,-7.4,-4.3,0.3,3.8,9.3,9.2,11,6.3,-1,-2.4,-8.3,44,52,7,17,20,14,81,47,31,17,28,71
1991,1.097,-6.8,-15.5,-7.9,-0.8,2.5,9.4,10.9,11.1,3.9,1.2,-4.2,-2.6,23,2,23,2,10,44,30,25,28,30,50,38,-10.9,-4,-4.8,-0.1,3.2,9.8,12.2,11.5,6.1,2,-5.3,-2.6,19,34,18,6,15,32,54,51,10,22,31,17
1992,1.118,-4.5,-5.1,-4.3,-3.7,4.5,10.2,9.5,8.8,6.9,-3.8,-7.6,-3.7,45,37,15,11,18,25,89,20,18,23,18,84,-6.8,-15.5,-7.9,-0.8,2.5,9.4,10.9,11.1,3.9,1.2,-4.2,-2.6,23,2,23,2,10,44,30,25,28,30,50,38
1993,1.13,-6.1,-6.2,-6.9,-3.4,2.9,6.2,12.4,9.8,3.8,-1.7,-3.7,-11.7,38,38,75,3,29,28,56,76,8,26,4,26,-4.5,-5.1,-4.3,-3.7,4.5,10.2,9.5,8.8,6.9,-3.8,-7.6,-3.7,45,37,15,11,18,25,89,20,18,23,18,84
1994,1.01,-14.6,-10.7,-6.9,0.5,2.5,7.5,11.2,10.5,4.9,0.1,-3.8,-4.2,25,12,10,7,9,17,29,28,13,22,17,25,-6.1,-6.2,-6.9,-3.4,2.9,6.2,12.4,9.8,3.8,-1.7,-3.7,-11.7,38,38,75,3,29,28,56,76,8,26,4,26
1995,0.668,-7.8,-8.9,-4.5,-3.2,2.1,8.4,10,8.9,5.7,0.1,-5.5,-10.1,8,15,14,7,25,29,22,66,5,73,37,23,-14.6,-10.7,-6.9,0.5,2.5,7.5,11.2,10.5,4.9,0.1,-3.8,-4.2,25,12,10,7,9,17,29,28,13,22,17,25
1996,0.52,-7,-13.9,-5.9,-2.6,1,7.7,11.2,12.1,5.4,1.5,-6.1,-8.6,27,10,9,24,16,50,26,49,8,25,26,12,-7.8,-8.9,-4.5,-3.2,2.1,8.4,10,8.9,5.7,0.1,-5.5,-10.1,8,15,14,7,25,29,22,66,5,73,37,23
1997,0.865,-7.1,-9.4,-6,-4.7,2.7,9.8,13.3,11.6,7.4,-0.2,-6.9,-6.1,86,16,39,19,14,4,48,25,21,23,8,38,-7,-13.9,-5.9,-2.6,1,7.7,11.2,12.1,5.4,1.5,-6.1,-8.6,27,10,9,24,16,50,26,49,8,25,26,12
1998,1.365,-8.3,-12.7,-9,-3.2,2.6,8.6,13,9.9,5,0,-9.5,-8.6,22,67,8,4,19,27,60,61,24,39,11,23,-7.1,-9.4,-6,-4.7,2.7,9.8,13.3,11.6,7.4,-0.2,-6.9,-6.1,86,16,39,19,14,4,48,25,21,23,8,38
1999,1.061,-13.7,-12.3,-6.6,-0.5,2.6,10.3,10.8,8.3,8,2.2,-0.4,-8.5,12,8,1,17,18,54,94,26,36,36,61,9,-8.3,-12.7,-9,-3.2,2.6,8.6,13,9.9,5,0,-9.5,-8.6,22,67,8,4,19,27,60,61,24,39,11,23
2000,0.897,-5.6,-8.8,-5.1,-2.4,4.3,7.7,12,10,6.4,3.9,-3.8,-7.5,31,33,24,17,32,50,47,62,23,25,3,12,-13.7,-12.3,-6.6,-0.5,2.6,10.3,10.8,8.3,8,2.2,-0.4,-8.5,12,8,1,17,18,54,94,26,36,36,61,9
2001,0.752,-7.4,-12.2,-11.8,-2.7,3.5,10.3,10.9,10.5,7.9,1.5,-3.1,-7.5,15,23,4,12,22,61,90,63,22,23,32,10,-5.6,-8.8,-5.1,-2.4,4.3,7.7,12,10,6.4,3.9,-3.8,-7.5,31,33,24,17,32,50,47,62,23,25,3,12
